x,y,mass,fixed,vx,vy
-1.0,            0.0,  0.15,  1,   0.0,  0.0
-0.5, -0.89951905283,  0.1,   0,   0.0,  0.0
 0.0,          -0.25, 0.1,    1,   0.0,  0.0
 0.0,           0.25, 0.1,    1,   0.0,  0.0
-0.5,  0.89951905283, 0.1,    0,   0.0,  0.0
 0.05,          -0.25,  0.1,  1,   0.0,  0.0
 0.05,           0.25,  0.1,  1,   0.0,  0.0